eps,chain_kl,prediction,ratio,sum_eta_g2,K
0.001,3.465187880584444e-06,5.361865315984321e-06,0.646265371540447,5.361865315984321,3843
0.01,0.0003465321875021732,0.0005361865315984322,0.6462903618058475,5.361865315984321,3843
