G,K,kl_init,chain_sum,certified_kl,delta_equiv
30.0,659,2.4930784487304777e-09,0.09939809312008238,0.09939809561316083,0.31527463522009
95.58497852172911,2077,2.453586364706874e-09,0.03266806948567925,0.03266807193926561,0.18074311035075613
304.5496039666471,6592,2.487468695677235e-09,0.011674200796127703,0.0116742032835964,0.10804722709813704
970.345578465103,20978,2.495689756798838e-09,0.004259747876196016,0.004259750371885773,0.06526676314852585
3091.6820425413916,66814,2.4985571168342455e-09,0.001384734478863752,0.0013847369774208688,0.03721205419512431
9850.612054411147,212855,2.4995084274443337e-09,0.00039817103543420235,0.0003981735349426298,0.01995428612961711
31385.68472155917,678165,2.4999442642145443e-09,0.000126328437501306,0.00012633093744557022,0.01123970361911604
100000.0,2160723,2.499925078541073e-09,4.23224509492313e-05,4.2324950874309836e-05,0.006505762897178919
