delta,K,G,sigma0_sq,kl_init,chain_sum,floor_total,certified_kl,target_kl,certified_le_target
0.1,987,79.08711354449687,0.0018365472910927458,2.450739449074313e-05,5.480295765956754e-12,2.961e-12,2.4507399971038895e-05,0.010000000000000002,True
0.01,3843,177.3573085063719,1.8365472910927457e-05,2.499206314549763e-09,1.1525999999999999e-11,1.1528999999999999e-11,2.510732314549763e-09,0.0001,True
0.001,9338,302.4959392938334,1.8365472910927454e-07,2.493931678617821e-13,2.8010999999999998e-11,2.8013999999999998e-11,2.826039316786178e-11,1e-06,True
0.0001,18185,453.80730076838967,1.8365472910927457e-09,-1.0117631686847195e-17,5.455199999999999e-11,5.4555e-11,5.4551989882368306e-11,1e-08,True
1e-05,31086,630.820950773837,1.8365472910927458e-11,5.4773007162285825e-17,9.3255e-11,9.325799999999999e-11,9.325505477300717e-11,1.0000000000000002e-10,True
1e-06,48729,833.1993872005901,1.8365472910927456e-13,5.4922253057214466e-17,1.46184e-10,1.46187e-10,1.4618405492225304e-10,1e-12,True
1e-07,71799,1060.687890920865,1.8365472910927454e-15,-1.296226443968004e-16,2.1539399999999998e-10,2.15397e-10,2.1539387037735557e-10,9.999999999999998e-15,True
1e-08,100975,1313.0911883776187,1.836547291092746e-17,7.36497808844685e-17,3.0292200000000004e-10,3.0292499999999996e-10,3.0292207364978095e-10,1.0000000000000001e-16,True
