d,G_star,lo,hi
4,7.025008641493198,6.727171322029717,7.33603234563737
16,11.814609167515997,11.313708498984761,12.337686603263528
64,21.668088750990286,20.749432874416154,22.627416997969522
