{
 "B": 1.0,
 "eta": 0.015625,
 "grid": [
  -9.0,
  9.0,
  1401
 ],
 "runtime_s": 79.23491311073303
}