{
 "B": 1.0,
 "eta": 0.03125,
 "grid": [
  -9.0,
  9.0,
  1401
 ],
 "runtime_s": 71.11047768592834
}