d,eta,N_steps,chi2_1_final,draws_per_call,accept_rate,total_queries
1,0.0625,19,9.291552430612526e-05,8.02525,0.25,152.47975
2,0.044194173824159216,28,4.739244586327018e-05,8.05475,0.25,225.53300000000002
4,0.03125,42,2.1788468092864832e-05,7.96575,0.25,334.5615
8,0.022097086912079608,62,1.219653144857169e-05,8.011,0.25,496.68199999999996
