{
 "d": 128,
 "K": 2600,
 "G": 187.77684734550493,
 "n": 20000,
 "proj_hist_kl": 0.000674198759115621,
 "floor": 0.00125,
 "ambient_var_err_max": 2.369876400824895e-06,
 "accept_rate": 0.3679157713819527,
 "q_per_step": 5.435979761446711,
 "secs": 16207.445017576218
}