{
 "B": 1.0,
 "sigma0": 0.0001,
 "deltabar": 0.01,
 "quad": {
  "n_r": 12,
  "nt": 2048,
  "n_x1": 12,
  "n_s1": 12,
  "n_q": 12
 },
 "conv_check": {
  "d": 64,
  "G": 22.142558111421312,
  "chi2": 0.001147635138494999,
  "chi2_doubled": 0.001147645668765588,
  "rel": 9.175541611382089e-06
 },
 "runtime_s": 14685.675113201141
}